t,N,,,j
2021/1/1,2021,1,1,
2021/1/2,2021,1,2,x
2021/1/3,2021,1,3,x
2021/1/11,2021,1,11,l̓
2021/2/11,2021,2,11,LO
2021/2/23,2021,2,23,Vca
2021/3/20,2021,3,20,t̓
2021/4/29,2021,4,29,a̓
2021/5/3,2021,5,3,@LO
2021/5/4,2021,5,4,݂ǂ̓
2021/5/5,2021,5,5,ǂ̓
2021/7/22,2021,7,22,C̓
2021/7/23,2021,7,23,X|[c̓
2021/8/8,2021,8,8,R̓
2021/8/9,2021,8,9,x
2021/9/20,2021,9,20,hV̓
2021/9/23,2021,9,23,H̓
2021/11/3,2021,11,3,̓
2021/11/3,2021,11,3,̓
2021/11/23,2021,11,23,ΘJӂ̓
2021/12/31,2021,12,31,A
2022/1/1,2022,1,1,
2022/1/2,2022,1,2,x
2022/1/3,2022,1,3,x
2022/1/10,2022,1,10,l̓
2022/2/11,2022,2,11,LO
2022/2/23,2022,2,23,Vca
2022/3/21,2022,3,21,t̓
2022/4/29,2022,4,29,a̓
2022/5/3,2022,5,3,@LO
2022/5/4,2022,5,4,݂ǂ̓
2022/5/5,2022,5,5,ǂ̓
2022/7/18,2022,7,18,C̓
2022/8/11,2022,8,11,R̓
2022/9/19,2022,9,19,hV̓
2022/9/23,2022,9,23,H̓
2022/10/10,2022,10,10,X|[c̓
2022/11/3,2022,11,3,̓
2022/11/3,2022,11,3,̓
2022/11/23,2022,11,23,ΘJӂ̓
2022/12/31,2022,12,31,A
2023/1/1,2023,1,1,
2023/1/2,2023,1,2,x
2023/1/3,2023,1,3,x
2023/2/11,2023,2,11,LO
2023/2/23,2023,2,23,Vca
2023/4/29,2023,4,29,a̓
2023/5/3,2023,5,3,@LO
2023/5/4,2023,5,4,݂ǂ̓
2023/5/5,2023,5,5,ǂ̓
2023/11/3,2023,11,3,̓
2023/11/23,2023,11,23,ΘJӂ̓
2023/12/31,2023,12,31,A
2024/1/1,2024,1,1,
2024/1/2,2024,1,2,x
2024/1/3,2024,1,3,x
2024/2/11,2024,2,11,LO
2024/2/23,2024,2,23,Vca
2024/4/29,2024,4,29,a̓
2024/5/3,2024,5,3,@LO
2024/5/4,2024,5,4,݂ǂ̓
2024/5/5,2024,5,5,ǂ̓
2024/11/3,2024,11,3,̓
2024/11/23,2024,11,23,ΘJӂ̓
2024/12/31,2024,12,31,A
2025/1/1,2025,1,1,
2025/1/2,2025,1,2,x
2025/1/3,2025,1,3,x
2025/2/11,2025,2,11,LO
2025/2/23,2025,2,23,Vca
2025/4/29,2025,4,29,a̓
2025/5/3,2025,5,3,@LO
2025/5/4,2025,5,4,݂ǂ̓
2025/5/5,2025,5,5,ǂ̓
2025/11/3,2025,11,3,̓
2025/11/23,2025,11,23,ΘJӂ̓
2025/12/31,2025,12,31,A
2026/1/1,2026,1,1,
2026/1/2,2026,1,2,x
2026/1/3,2026,1,3,x
2026/2/11,2026,2,11,LO
2026/2/23,2026,2,23,Vca
2026/4/29,2026,4,29,a̓
2026/5/3,2026,5,3,@LO
2026/5/4,2026,5,4,݂ǂ̓
2026/5/5,2026,5,5,ǂ̓
2026/11/3,2026,11,3,̓
2026/11/23,2026,11,23,ΘJӂ̓
2026/12/31,2026,12,31,A
2027/1/1,2027,1,1,
2027/1/2,2027,1,2,x
2027/1/3,2027,1,3,x
2027/2/11,2027,2,11,LO
2027/2/23,2027,2,23,Vca
2027/4/29,2027,4,29,a̓
2027/5/3,2027,5,3,@LO
2027/5/4,2027,5,4,݂ǂ̓
2027/5/5,2027,5,5,ǂ̓
2027/11/3,2027,11,3,̓
2027/11/23,2027,11,23,ΘJӂ̓
2027/12/31,2027,12,31,A
2028/1/1,2028,1,1,
2028/1/2,2028,1,2,x
2028/1/3,2028,1,3,x
2028/2/11,2028,2,11,LO
2028/2/23,2028,2,23,Vca
2028/4/29,2028,4,29,a̓
2028/5/3,2028,5,3,@LO
2028/5/4,2028,5,4,݂ǂ̓
2028/5/5,2028,5,5,ǂ̓
2028/11/3,2028,11,3,̓
2028/11/23,2028,11,23,ΘJӂ̓
2028/12/31,2028,12,31,A
2029/1/1,2029,1,1,
2029/1/2,2029,1,2,x
2029/1/3,2029,1,3,x
2029/2/11,2029,2,11,LO
2029/2/23,2029,2,23,Vca
2029/4/29,2029,4,29,a̓
2029/5/3,2029,5,3,@LO
2029/5/4,2029,5,4,݂ǂ̓
2029/5/5,2029,5,5,ǂ̓
2029/11/3,2029,11,3,̓
2029/11/23,2029,11,23,ΘJӂ̓
2029/12/31,2029,12,31,A
2030/1/1,2030,1,1,
2030/1/2,2030,1,2,x
2030/1/3,2030,1,3,x
2030/2/11,2030,2,11,LO
2030/2/23,2030,2,23,Vca
2030/4/29,2030,4,29,a̓
2030/5/3,2030,5,3,@LO
2030/5/4,2030,5,4,݂ǂ̓
2030/5/5,2030,5,5,ǂ̓
2030/11/3,2030,11,3,̓
2030/11/23,2030,11,23,ΘJӂ̓
2030/12/31,2030,12,31,A
